date,home_team,away_team,team,scorer,minute,own_goal,penalty
1986-06-17,Italy,France,France,Michel Platini,15.0,False,False
2002-10-12,North Macedonia,Turkey,Turkey,Okan Buruk,29.0,False,False
2002-10-16,Germany,Faroe Islands,Germany,Michael Ballack,2.0,False,True
1979-08-02,Brazil,Argentina,Argentina,Hugo Coscia,29.0,False,False
1962-06-07,Czechoslovakia,Mexico,Mexico,Alfredo del Águila,29.0,False,False
2004-09-04,Burkina Faso,Uganda,Burkina Faso,Abdoul-Aziz Nikiema,79.0,False,False
1957-05-08,England,Republic of Ireland,Republic of Ireland,Dermot Curtis,56.0,False,False
2022-01-09,Cameroon,Burkina Faso,Cameroon,Vincent Aboubakar,45.0,False,True
2012-01-23,Morocco,Tunisia,Tunisia,Youssef Msakni,76.0,False,False
2008-02-06,Jordan,North Korea,North Korea,Hong Yong-jo,44.0,False,False
1938-03-25,Hungary,Greece,Hungary,Pál Titkos,75.0,False,False
1994-06-28,Russia,Cameroon,Russia,Oleg Salenko,75.0,False,False
2019-09-05,Finland,Greece,Finland,Teemu Pukki,52.0,False,True
2000-11-15,Brazil,Colombia,Brazil,Roque Júnior,90.0,False,False
2008-10-11,Slovenia,Northern Ireland,Slovenia,Zlatan Ljubijankić,85.0,False,False
2013-10-15,Jamaica,Honduras,Jamaica,Rodolph Austin,59.0,False,True
1957-07-06,United States,Canada,Canada,Brian Philley,9.0,False,False
1999-03-27,Northern Ireland,Germany,Germany,Marco Bode,11.0,False,False
2016-03-29,Colombia,Ecuador,Colombia,Sebastián Pérez Cardona,48.0,False,False
1993-06-07,India,Bahrain,Bahrain,Khamis Mubarak,20.0,False,False
1973-04-15,Zambia,Ethiopia,Zambia,Moses Simwala,71.0,False,False
2002-01-30,Costa Rica,South Korea,Costa Rica,Paulo Wanchope,82.0,False,False
1973-05-20,Vietnam Republic,Japan,Japan,Kunishige Kamamoto,6.0,False,False
1989-06-25,Angola,Cameroon,Angola,Paulo António Alves,5.0,False,False
1996-12-07,United Arab Emirates,Kuwait,Kuwait,Jasem Al-Huwaidi,44.0,False,False
2004-01-30,Senegal,Kenya,Senegal,Mamadou Niang,31.0,False,False
1992-11-29,Cyprus,Romania,Romania,Florin Răducioiu,36.0,False,False
1967-01-25,Argentina,Venezuela,Argentina,Juan Carlos Carone,26.0,False,False
1949-04-30,Brazil,Uruguay,Brazil,Jair,40.0,False,True
2009-03-28,Colombia,Bolivia,Colombia,Macnelly Torres,26.0,False,False
2015-09-04,Canada,Belize,Canada,Atiba Hutchinson,90.0,False,False
2009-08-12,Mexico,United States,United States,Charlie Davies,9.0,False,False
2001-04-22,Liberia,Sudan,Liberia,George Weah,48.0,False,False
2013-06-09,Guinea,Mozambique,Guinea,Sadio Diallo,45.0,False,True
1977-03-30,England,Luxembourg,England,Mick Channon,68.0,False,False
2001-03-25,Mexico,Jamaica,Mexico,Jared Borgetti,88.0,False,False
2015-06-11,Dominican Republic,Belize,Belize,Deon McCaulay,13.0,False,False
2008-06-22,Benin,Niger,Benin,Jocelyn Ahouéya,45.0,False,False
2008-06-21,Saint Lucia,Guatemala,Guatemala,Gonzalo Romero,43.0,False,False
1992-11-08,Jamaica,Bermuda,Jamaica,Hector Wright,75.0,False,True
2016-03-25,Saint Vincent and the Grenadines,Trinidad and Tobago,Saint Vincent and the Grenadines,Myron Samuel,45.0,False,True
1991-10-09,Austria,Denmark,Denmark,Bent Christensen Arensøe,37.0,False,False
2015-06-11,Hong Kong,Bhutan,Hong Kong,Jaimes McKee,19.0,False,False
1975-08-20,Peru,Chile,Peru,Teófilo Cubillas,39.0,False,False
2001-04-09,Australia,Tonga,Australia,Kevin Muscat,82.0,False,False
1953-10-03,Northern Ireland,Scotland,Scotland,Jackie Henderson,89.0,False,False
1996-01-12,Brazil,Canada,Canada,Tomasz Radzinski,66.0,False,False
2013-07-13,United States,Cuba,United States,Joe Corona,57.0,False,False
1960-07-06,France,Yugoslavia,Yugoslavia,Dražan Jerković,79.0,False,False
1997-11-16,Uruguay,Ecuador,Ecuador,Ariel Graziani,59.0,False,False
2017-03-26,Montenegro,Poland,Montenegro,Stefan Mugoša,63.0,False,False
1973-02-25,Morocco,Guinea,Morocco,Ahmed Faras,68.0,False,False
2007-10-17,France,Lithuania,France,Thierry Henry,80.0,False,False
2019-09-10,Zimbabwe,Somalia,Zimbabwe,Admiral Muskwe,86.0,False,False
1980-02-27,Solomon Islands,Tahiti,Tahiti,,,False,False
1987-10-28,Netherlands,Cyprus,Netherlands,John Bosman,1.0,False,False
2008-06-02,Thailand,Bahrain,Bahrain,Ismail Abdullatif,34.0,False,False
2019-11-16,Austria,North Macedonia,North Macedonia,Vlatko Stojanovski,90.0,False,False
2017-10-08,Germany,Azerbaijan,Azerbaijan,Ramil Sheydayev,34.0,False,False
2010-06-25,Chile,Spain,Spain,Andrés Iniesta,37.0,False,False
2015-06-16,Hong Kong,Maldives,Hong Kong,Lam Ka Wai,67.0,False,False
2023-07-12,United States,Panama,Panama,Iván Anderson,99.0,False,False
2010-09-07,North Macedonia,Armenia,North Macedonia,Ilčo Naumoski,90.0,False,True
1938-06-05,Cuba,Romania,Romania,Silviu Bindea,35.0,False,False
1993-05-18,Saudi Arabia,Kuwait,Saudi Arabia,Majed Abdullah,89.0,False,False
2011-09-06,San Marino,Sweden,Sweden,Christian Wilhelmsson,70.0,False,False
1995-04-26,San Marino,Scotland,Scotland,John Collins,19.0,False,False
2006-06-11,Angola,Portugal,Portugal,Pauleta,4.0,False,False
1924-11-01,Chile,Paraguay,Paraguay,Ildefonso López,33.0,False,False
1955-03-13,Ecuador,Peru,Peru,Óscar Gómez Sánchez,11.0,False,False
1980-02-26,Australia,Papua New Guinea,Australia,Ian Hunter,,False,False
1988-06-03,Libya,Burkina Faso,Libya,Ezzewdin Bezan,8.0,False,False
2019-10-10,Russia,Scotland,Russia,Artem Dzyuba,57.0,False,False
2019-10-13,Cyprus,Russia,Russia,Denis Cheryshev,90.0,False,False
2011-10-11,Bolivia,Colombia,Bolivia,Wálter Flores,85.0,False,False
1982-07-11,Italy,Germany,Italy,Alessandro Altobelli,81.0,False,False
1981-08-14,Australia,Fiji,Australia,Dave Mitchell,29.0,False,False
1997-08-17,Tunisia,Namibia,Tunisia,Skander Souayah,31.0,False,False
2019-09-10,Moldova,Turkey,Turkey,Cenk Tosun,79.0,False,False
2016-10-07,Hungary,Switzerland,Switzerland,Haris Seferovic,51.0,False,False
1972-05-14,Romania,Hungary,Romania,Alexandru Neagu,81.0,False,False
1982-06-15,Scotland,New Zealand,Scotland,John Robertson,73.0,False,False
2009-06-17,South Korea,Iran,South Korea,Park Ji-sung,82.0,False,False
2007-07-02,Argentina,Colombia,Colombia,Edixon Perea,10.0,False,False
2015-01-27,South Africa,Ghana,Ghana,John Boye,73.0,False,False
1946-01-26,Argentina,Chile,Argentina,Ángel Labruna,60.0,False,False
2000-02-19,Honduras,Peru,Honduras,Carlos Pavón,67.0,False,True
2010-09-07,Germany,Azerbaijan,Germany,Holger Badstuber,86.0,False,False
1989-10-11,Republic of Ireland,Northern Ireland,Republic of Ireland,Ronnie Whelan,42.0,False,False
2016-03-24,Saudi Arabia,Malaysia,Saudi Arabia,Mohammad Al-Sahlawi,50.0,False,False
1960-08-28,Ghana,Nigeria,Ghana,Edward Acquah,18.0,False,False
2004-02-18,Haiti,Turks and Caicos Islands,Haiti,Johnny Descouines,45.0,False,False
1972-10-07,Luxembourg,Italy,Italy,Fabio Capello,62.0,False,False
1993-06-02,Scotland,Estonia,Scotland,Pat Nevin,27.0,False,False
2010-10-12,Scotland,Spain,Scotland,Steven Naismith,58.0,False,False
1981-05-27,Czechoslovakia,Iceland,Czechoslovakia,Antonín Panenka,44.0,False,True
1964-11-04,Italy,Finland,Italy,Sandro Mazzola,83.0,False,False
2018-07-02,Belgium,Japan,Belgium,Marouane Fellaini,74.0,False,False
1983-09-01,Brazil,Ecuador,Brazil,Éder Aleixo de Assis,58.0,False,False
2001-04-24,Venezuela,Colombia,Colombia,Víctor Bonilla,88.0,False,False
2010-06-23,Australia,Serbia,Australia,Brett Holman,73.0,False,False
2016-11-15,South Korea,Uzbekistan,Uzbekistan,Marat Bikmaev,25.0,False,False
2005-03-26,Senegal,Liberia,Senegal,Moussa N'Diaye,75.0,False,False
2017-11-14,Senegal,South Africa,Senegal,Kara Mbodji,90.0,False,False
2006-09-02,Poland,Finland,Poland,Łukasz Garguła,89.0,False,False
1975-09-03,Northern Ireland,Sweden,Northern Ireland,Allan Hunter,32.0,False,False
2019-06-08,Turkey,France,Turkey,Kaan Ayhan,30.0,False,False
2008-10-12,Venezuela,Brazil,Brazil,Adriano,19.0,False,False
2021-11-11,Slovakia,Slovenia,Slovakia,Ondrej Duda,58.0,False,True
1984-12-09,India,China PR,China PR,Gu Guangming,59.0,False,False
1982-11-17,Switzerland,Scotland,Switzerland,Claudio Sulser,49.0,False,False
1977-03-20,South Korea,Israel,South Korea,Choi Jong-duk,88.0,False,False
2016-03-29,Argentina,Bolivia,Argentina,Lionel Messi,30.0,False,True
2016-10-06,Kosovo,Croatia,Croatia,Mario Mandžukić,35.0,False,False
2009-10-14,Greece,Luxembourg,Greece,Theofanis Gekas,33.0,False,False
2007-09-08,Croatia,Estonia,Croatia,Eduardo da Silva,45.0,False,False
2011-09-06,Italy,Slovenia,Italy,Giampaolo Pazzini,85.0,False,False
2007-06-27,Brazil,Mexico,Mexico,Nery Castillo,23.0,False,False
1965-02-07,Cuba,Jamaica,Jamaica,Lascelles Dunkley,14.0,False,False
1934-02-25,Republic of Ireland,Belgium,Republic of Ireland,Paddy Moore,48.0,False,False
1965-06-02,Venezuela,Peru,Peru,Luis Zavalla,81.0,False,False
2021-06-12,Saint Kitts and Nevis,El Salvador,El Salvador,Darwin Cerén,64.0,False,True
1988-12-03,Australia,Fiji,Australia,Graham Arnold,84.0,False,False
1960-11-06,South Korea,Japan,South Korea,Chung Soon-cheon,39.0,False,False
1970-11-15,Cyprus,Russia,Cyprus,Nikos Charalambous,42.0,False,False
1993-02-24,Portugal,Italy,Italy,Roberto Baggio,2.0,False,False
2005-06-03,Saudi Arabia,Kuwait,Saudi Arabia,Mohammad Al-Shalhoub,19.0,False,False
1995-03-29,Slovakia,Azerbaijan,Slovakia,Peter Dubovský,45.0,False,True
2008-06-14,China PR,Iraq,China PR,Zhou Haibin,33.0,False,False
1996-11-10,Togo,Cameroon,Togo,Kossi Noutsoudje,50.0,False,False
1997-06-09,Maldives,Syria,Syria,Bayazir al-Said,87.0,False,False
2002-10-12,Lithuania,Faroe Islands,Lithuania,Tomas Ražanauskas,23.0,False,True
2001-09-06,Bahrain,Thailand,Bahrain,Khaled Al-Doseri,16.0,False,False
1955-03-23,Ecuador,Uruguay,Uruguay,Américo Galván,4.0,False,False
1957-10-06,Bolivia,Argentina,Bolivia,Ausberto García,75.0,False,False
1965-11-01,Italy,Poland,Italy,Paolo Barison,65.0,False,False
2015-09-03,Qatar,Bhutan,Qatar,Boualem Khoukhi,70.0,False,False
2013-06-04,Qatar,Iran,Iran,Reza Ghoochannejhad,66.0,False,False
2000-03-04,Trinidad and Tobago,Curaçao,Trinidad and Tobago,Arnold Dwarika,63.0,False,False
1965-07-25,Ecuador,Colombia,Ecuador,Enrique Raymondi,56.0,False,False
1996-04-24,Argentina,Bolivia,Argentina,Gabriel Batistuta,49.0,False,False
2021-07-20,Panama,Grenada,Panama,José Luis Rodríguez,64.0,False,False
2021-03-30,Azerbaijan,Serbia,Azerbaijan,Emin Mahmudov,59.0,False,True
2005-10-08,South Africa,DR Congo,South Africa,Sibusiso Zuma,52.0,False,False
2004-07-12,Peru,Colombia,Colombia,Abel Aguilar,53.0,False,False
2011-07-23,Peru,Venezuela,Venezuela,Juan Arango,77.0,False,False
1953-03-01,Chile,Uruguay,Uruguay,Osvaldo Balseiro,81.0,False,False
2001-02-19,Saudi Arabia,Vietnam,Saudi Arabia,Talal Al-Meshal,71.0,False,False
2004-08-18,Jamaica,United States,Jamaica,Ian Goodison,49.0,False,False
1997-02-22,Hong Kong,South Korea,South Korea,Choi Moon-Sik,75.0,False,False
1992-06-14,Antigua and Barbuda,Bermuda,Bermuda,Kenneth Thompson,21.0,False,False
2019-11-14,Maldives,Philippines,Philippines,John-Patrick Strauß,68.0,False,False
1995-09-06,Spain,Cyprus,Spain,Juan Antonio Pizzi,79.0,False,False
1973-05-06,Albania,Romania,Romania,Florea Dumitrache,57.0,False,True
1998-06-16,Brazil,Morocco,Brazil,Bebeto,50.0,False,False
2011-01-25,Uzbekistan,Australia,Australia,Brett Emerton,73.0,False,False
1990-09-12,Switzerland,Bulgaria,Switzerland,Marc Hottiger,19.0,False,False
1995-06-07,San Marino,Russia,Russia,Vasili Kulkov,38.0,False,False
2015-11-13,Mauritania,Tunisia,Tunisia,Yassine Chikhaoui,68.0,False,False
2021-09-02,Poland,Albania,Poland,Grzegorz Krychowiak,54.0,False,False
2009-09-05,France,Romania,Romania,Julien Escudé,55.0,True,False
1972-11-01,Netherlands,Norway,Netherlands,Johan Neeskens,63.0,False,False
2016-10-11,Colombia,Uruguay,Colombia,Yerry Mina,85.0,False,False
2008-09-10,Portugal,Denmark,Denmark,Nicklas Bendtner,84.0,False,False
1992-12-19,Gabon,Senegal,Senegal,Souleyman Sané,74.0,False,False
2008-06-13,Netherlands,France,Netherlands,Arjen Robben,72.0,False,False
2011-07-23,Jordan,Nepal,Jordan,Ahmad Hayel,31.0,False,False
1950-06-25,Italy,Sweden,Sweden,Hasse Jeppson,68.0,False,False
1969-05-17,Scotland,Cyprus,Scotland,Eddie Gray,15.0,False,False
2015-11-14,Botswana,Mali,Botswana,Tapiwa Gadibolae,14.0,False,False
2017-09-01,Morocco,Mali,Morocco,Khalid Boutaïb,27.0,False,False
1973-09-26,Switzerland,Luxembourg,Switzerland,Rolf Blättler,2.0,False,False
2021-11-16,Venezuela,Peru,Venezuela,Darwin Machís,52.0,False,False
1981-08-14,Australia,Fiji,Australia,Gary Cole,64.0,False,False
1962-06-13,Chile,Brazil,Brazil,Garrincha,9.0,False,False
1997-09-10,Denmark,Croatia,Croatia,Davor Šuker,44.0,False,False
2010-09-03,Liechtenstein,Spain,Spain,Fernando Torres,18.0,False,False
1995-09-06,Lithuania,Ukraine,Lithuania,Darius Maciulevičius,17.0,False,False
2009-10-14,Latvia,Moldova,Latvia,Andrejs Rubins,44.0,False,False
2002-09-07,Azerbaijan,Italy,Italy,Alessandro Del Piero,65.0,False,False
2001-05-06,Angola,Cameroon,Angola,Akwá,60.0,False,False
1994-12-14,Moldova,Germany,Germany,Ulf Kirsten,7.0,False,False
2019-10-15,Syria,Guam,Syria,Omar Al Somah,44.0,False,False
1995-01-08,Japan,Argentina,Argentina,Ariel Ortega,45.0,False,False
1999-09-04,Slovakia,Romania,Slovakia,Vladimír Labant,22.0,False,True
1998-10-04,Tahiti,Fiji,Fiji,Esala Masi,31.0,False,False
1974-09-25,Denmark,Spain,Spain,Roberto Juan Martínez,41.0,False,False
1957-05-26,Czechoslovakia,Wales,Czechoslovakia,Tadeusz Kraus,65.0,False,False
2011-10-11,Panama,Nicaragua,Panama,Luis Tejada,27.0,False,False
1997-11-16,United States,El Salvador,United States,Preki,82.0,False,False
1976-10-16,Luxembourg,Italy,Luxembourg,Nico Braun,86.0,False,False
1970-06-11,Bulgaria,Morocco,Bulgaria,Dobromir Zhechev,40.0,False,False
2021-06-26,Italy,Austria,Austria,Saša Kalajdžić,114.0,False,False
2015-09-08,Liechtenstein,Russia,Russia,Aleksandr Kokorin,40.0,False,True
1957-04-28,United States,Mexico,Mexico,Alfredo Hernández,22.0,False,False
1994-11-16,Scotland,Russia,Russia,Dmitri Radchenko,25.0,False,False
1984-12-08,France,German DR,France,Yannick Stopyra,32.0,False,False
2005-09-03,Burkina Faso,South Africa,Burkina Faso,Abdoulaye Cissé,47.0,False,False
2013-10-15,Ghana,Egypt,Ghana,Christian Atsu,88.0,False,False
2008-10-15,Japan,Uzbekistan,Uzbekistan,Maksim Shatskikh,27.0,False,False
2004-07-18,Paraguay,Uruguay,Paraguay,Carlos Gamarra,15.0,False,False
2006-10-07,Sweden,Spain,Sweden,Marcus Allbäck,82.0,False,False
2019-06-29,Haiti,Canada,Canada,Jonathan David,18.0,False,False
1997-04-30,Italy,Poland,Italy,Paolo Maldini,36.0,False,False
1993-01-17,Benin,Tunisia,Tunisia,Lotfi Rouissi,42.0,False,False
2021-07-12,Costa Rica,Guadeloupe,Guadeloupe,Raphaël Mirval,45.0,False,False
2013-09-06,Costa Rica,United States,Costa Rica,Celso Borges,9.0,False,False
2013-01-25,Burkina Faso,Ethiopia,Burkina Faso,Alain Traoré,34.0,False,False
2008-10-11,Sudan,Congo,Sudan,Faisal Agab,74.0,False,False
1958-06-08,Argentina,Germany,Germany,Uwe Seeler,42.0,False,False
2003-06-11,Sweden,Poland,Sweden,Anders Svensson,16.0,False,False
2005-09-04,Egypt,Benin,Egypt,Mido,71.0,False,False
2001-04-16,Tonga,Fiji,Fiji,Valerio Nasema,62.0,False,False
1927-11-13,Peru,Bolivia,Bolivia,José Bustamante,14.0,False,False
1972-10-15,Austria,Hungary,Hungary,Lajos Kocsis,20.0,False,False
2001-06-02,Estonia,Netherlands,Netherlands,Ruud van Nistelrooy,83.0,False,False
2006-06-26,Italy,Australia,Italy,Francesco Totti,90.0,False,True
1992-11-28,Honduras,Saint Vincent and the Grenadines,Honduras,César Obando,24.0,False,False
1967-01-22,Chile,Paraguay,Paraguay,Benigno Apocada,85.0,False,False
2001-09-05,Cyprus,Portugal,Cyprus,Michalis Konstantinou,25.0,False,False
2015-09-08,Aruba,Saint Vincent and the Grenadines,Saint Vincent and the Grenadines,Tevin Slater,84.0,False,False
1999-07-25,Mexico,Saudi Arabia,Saudi Arabia,Nawaf Al-Temyat,62.0,False,True
2012-01-28,Botswana,Guinea,Botswana,Dipsy Selolwane,23.0,False,True
1999-06-04,Poland,Bulgaria,Poland,Tomasz Iwan,62.0,False,False
2003-06-11,England,Slovakia,Slovakia,Vladimír Janočko,31.0,False,False
1977-11-13,Romania,Yugoslavia,Romania,Dudu Georgescu,67.0,False,False
2021-03-25,Bulgaria,Switzerland,Switzerland,Steven Zuber,13.0,False,False
2021-11-12,England,Albania,England,Harry Kane,18.0,False,False
1986-03-08,Cameroon,Zambia,Zambia,Michael Chabala,65.0,False,False
1967-04-05,German DR,Netherlands,Netherlands,Piet Keizer,12.0,False,False
2001-05-28,Thailand,Pakistan,Thailand,Kiatisuk Senamuang,51.0,False,False
2004-07-17,Colombia,Costa Rica,Colombia,Abel Aguilar,41.0,False,False
2014-06-16,Germany,Portugal,Germany,Mats Hummels,32.0,False,False
2000-03-05,British Virgin Islands,Bermuda,Bermuda,Paul Cam,22.0,False,False
1958-06-08,Hungary,Wales,Hungary,József Bozsik,5.0,False,False
2001-04-11,Samoa,Fiji,Fiji,Manoa Masi,21.0,False,False
2019-03-21,Netherlands,Belarus,Netherlands,Georginio Wijnaldum,21.0,False,False
1976-10-31,Guinea,Ghana,Ghana,Emmanuel Ofei Ansah,59.0,False,False
2012-09-11,New Zealand,Solomon Islands,New Zealand,Shane Smeltz,12.0,False,False
2001-03-10,Sierra Leone,Sudan,Sudan,James Moga,43.0,False,False
2007-10-15,Macau,Thailand,Thailand,Datsakorn Thonglao,48.0,False,False
2022-11-29,Ecuador,Senegal,Senegal,Kalidou Koulibaly,70.0,False,False
2013-10-11,Bosnia and Herzegovina,Liechtenstein,Bosnia and Herzegovina,Edin Džeko,39.0,False,False
1995-11-15,Russia,Finland,Finland,Kim Suominen,44.0,False,False
2001-03-28,Switzerland,Luxembourg,Switzerland,Alexander Frei,90.0,False,False
2015-09-08,Lebanon,South Korea,South Korea,Ali Hamam,26.0,True,False
1993-02-27,Nigeria,Congo,Nigeria,Edema Fuludu,14.0,False,False
2000-06-03,Paraguay,Ecuador,Paraguay,Hugo Brizuela,42.0,False,False
2015-10-07,South Sudan,Mauritania,Mauritania,Boubacar Bagili,3.0,False,False
1930-07-22,Argentina,Chile,Chile,Guillermo Subiabre,15.0,False,False
2010-06-27,Germany,England,Germany,Thomas Müller,67.0,False,False
1997-10-11,Czech Republic,Slovakia,Czech Republic,Horst Siegl,70.0,False,False
2004-10-09,Venezuela,Brazil,Brazil,Ronaldo,50.0,False,False
1975-09-03,France,Iceland,France,Jean-Marc Guillou,20.0,False,False
1982-06-29,Italy,Argentina,Italy,Antonio Cabrini,67.0,False,False
1977-04-30,Austria,Malta,Austria,Hans Krankl,53.0,False,False
1993-07-18,Costa Rica,Martinique,Costa Rica,Juan Cayasso,87.0,False,False
2012-09-11,New Zealand,Solomon Islands,New Zealand,Chris Killen,53.0,False,False
2006-09-02,Germany,Republic of Ireland,Germany,Lukas Podolski,57.0,False,False
2009-06-06,United States,Honduras,United States,Carlos Bocanegra,68.0,False,False
2003-09-10,Albania,Georgia,Albania,Alban Bushi,80.0,False,False
2021-07-02,Peru,Paraguay,Peru,Gianluca Lapadula,40.0,False,False
2005-10-08,Bosnia and Herzegovina,San Marino,Bosnia and Herzegovina,Elvir Bolić,82.0,False,False
2002-06-07,Spain,Paraguay,Spain,Fernando Morientes,69.0,False,False
1997-06-13,Brazil,Costa Rica,Brazil,Rónald González Brenes,34.0,True,False
2015-03-23,Saint Kitts and Nevis,Turks and Caicos Islands,Turks and Caicos Islands,Thrizen Leader,74.0,True,False
2021-06-12,Haiti,Canada,Canada,Cyle Larin,14.0,False,False
1963-06-29,Denmark,Albania,Denmark,Ole Madsen,25.0,False,False
1992-05-25,Suriname,Guyana,Suriname,Eric Godlieb,2.0,False,False
1995-04-25,Poland,Israel,Poland,Wojciech Kowalczyk,55.0,False,False
2022-02-02,Burkina Faso,Senegal,Senegal,Abdou Diallo,70.0,False,False
1986-09-24,Iceland,Russia,Iceland,Arnór Guðjohnsen,30.0,False,False
2006-09-06,Netherlands,Belarus,Netherlands,Dirk Kuyt,90.0,False,False
2001-09-05,Mexico,Trinidad and Tobago,Mexico,Jesús Arellano,44.0,False,False
2017-10-10,Honduras,Mexico,Mexico,Oribe Peralta,17.0,False,False
1990-10-10,Spain,Iceland,Iceland,Sigurður Jónsson,66.0,False,False
2013-03-24,Ghana,Sudan,Ghana,Mubarak Wakaso,38.0,False,False
2002-10-16,Bulgaria,Andorra,Andorra,Antoni Lima Solá,80.0,False,False
1986-06-06,Brazil,Algeria,Brazil,Careca,66.0,False,False
1967-12-23,Italy,Switzerland,Italy,Angelo Domenghini,45.0,False,False
1990-09-12,Switzerland,Bulgaria,Switzerland,Thomas Bickel,63.0,False,False
1956-11-11,France,Belgium,France,Thadée Cisowski,15.0,False,False
2011-07-03,Macau,Vietnam,Vietnam,Lê Công Vinh,82.0,False,False
2005-03-26,Costa Rica,Panama,Costa Rica,Roy Myrie,90.0,False,False
2021-09-02,Lithuania,Northern Ireland,Lithuania,Rolandas Baravykas,55.0,False,False
1963-03-20,Argentina,Ecuador,Argentina,Raúl Armando Savoy,34.0,False,False
2001-10-21,Bahrain,Iran,Iran,Ali Daei,82.0,False,False
2007-03-24,Liechtenstein,Northern Ireland,Northern Ireland,Grant McCann,90.0,False,False
1957-10-13,Chile,Argentina,Argentina,Norberto Conde,61.0,False,False
1996-04-24,Argentina,Bolivia,Bolivia,Julio César Baldivieso,42.0,False,False
2008-09-10,Guatemala,Cuba,Guatemala,Mario Rafael Rodríguez,85.0,False,False
1977-11-25,Egypt,Tunisia,Tunisia,Abderraouf Ben Aziza,80.0,False,False
2008-09-10,Vanuatu,Fiji,Fiji,Maciu Dunadamu,90.0,False,False
2004-06-20,Costa Rica,Cuba,Cuba,Alain Cervantes,45.0,False,False
2010-06-19,Ghana,Australia,Australia,Brett Holman,11.0,False,False
2009-03-28,El Salvador,United States,El Salvador,Eliseo Quintanilla,15.0,False,False
2017-01-18,Cameroon,Guinea-Bissau,Cameroon,Sébastien Siani,61.0,False,False
2017-03-24,Spain,Israel,Spain,Vitolo,45.0,False,False
2021-09-03,Tunisia,Equatorial Guinea,Tunisia,Dylan Bronn,54.0,False,False
2021-09-01,Norway,Netherlands,Norway,Erling Haaland,20.0,False,False
2021-09-01,Kazakhstan,Ukraine,Ukraine,Roman Yaremchuk,2.0,False,False
1996-06-01,Sweden,Belarus,Sweden,Patrik Andersson,77.0,False,False
2019-03-24,Israel,Austria,Israel,Eran Zahavi,34.0,False,False
1954-06-17,Switzerland,Italy,Italy,Giampiero Boniperti,44.0,False,False
1983-03-27,Luxembourg,Hungary,Hungary,Péter Hannich,56.0,False,False
2005-06-19,Algeria,Zimbabwe,Zimbabwe,Peter Ndlovu,87.0,False,False
1960-11-20,Belgium,Switzerland,Switzerland,Charles Antenen,22.0,False,False
1989-07-15,China PR,Iran,China PR,Liu Haiguang,73.0,False,False
2010-09-03,Moldova,Finland,Moldova,Alexandru Suvorov,69.0,False,False
2015-11-12,Afghanistan,Cambodia,Afghanistan,Norlla Amiri,78.0,False,False
1967-06-18,Czechoslovakia,Turkey,Czechoslovakia,Jozef Adamec,70.0,False,False
2021-11-15,Austria,Moldova,Austria,Dejan Ljubičić,83.0,False,False
2019-06-07,Denmark,Republic of Ireland,Denmark,Pierre-Emile Højbjerg,76.0,False,False
1978-09-20,Denmark,England,England,Kevin Keegan,23.0,False,False
2020-10-08,North Macedonia,Kosovo,Kosovo,Florent Hadergjonaj,29.0,False,False
2005-03-30,North Korea,Iran,Iran,Javad Nekounam,79.0,False,False
2019-06-10,Czech Republic,Montenegro,Czech Republic,Boris Kopitović,49.0,True,False
1945-01-31,Chile,Colombia,Chile,Desiderio Medina,48.0,False,False
2013-06-11,Denmark,Armenia,Armenia,Yura Movsisyan,1.0,False,False
2021-09-07,Republic of Ireland,Serbia,Republic of Ireland,Nikola Milenković,87.0,True,False
1984-12-05,Singapore,China PR,China PR,Zhao Dayu,39.0,False,False
1971-11-24,Spain,Cyprus,Spain,Quino Sierra,13.0,False,False
1973-05-26,South Korea,Hong Kong,South Korea,Chung Kyu-Poong,72.0,False,False
2013-03-22,Slovenia,Iceland,Iceland,Gylfi Sigurðsson,78.0,False,False
2000-10-12,Lebanon,Iran,Iran,Ali Daei,90.0,False,False
2008-09-10,Italy,Georgia,Italy,Daniele De Rossi,89.0,False,False
1982-10-06,Czechoslovakia,Sweden,Sweden,Ulf Eriksson,90.0,False,False
1970-11-11,Scotland,Denmark,Scotland,John O'Hare,13.0,False,False
2011-07-23,China PR,Laos,Laos,Visay Phaphouvanin,31.0,False,False
1983-10-12,Republic of Ireland,Netherlands,Republic of Ireland,Liam Brady,35.0,False,True
2004-10-13,Qatar,Iran,Iran,Arash Borhani,78.0,False,False
1987-03-29,Portugal,Malta,Portugal,Jorge Plácido,77.0,False,False
1977-08-14,Australia,Iran,Iran,Hassan Rowshan,70.0,False,False
2007-09-12,Denmark,Liechtenstein,Denmark,Jon Dahl Tomasson,18.0,False,False
2004-10-06,Mexico,Saint Vincent and the Grenadines,Mexico,Jaime Lozano,54.0,False,False
2015-01-17,Oman,Kuwait,Oman,Abdul Aziz Al-Muqbali,69.0,False,False
1996-07-07,Bolivia,Venezuela,Bolivia,Roly Paniagua,85.0,False,False
1985-02-27,Netherlands,Cyprus,Netherlands,Dick Schoenaker,30.0,False,False
1954-06-20,Germany,Hungary,Hungary,Sándor Kocsis,69.0,False,False
2011-10-07,Greece,Croatia,Greece,Theofanis Gekas,79.0,False,False
2017-10-06,United States,Panama,United States,Christian Pulisic,8.0,False,False
1954-01-24,Italy,Egypt,Italy,Giampiero Boniperti,86.0,False,False
2012-10-16,New Zealand,Tahiti,New Zealand,Michael McGlinchey,2.0,False,False
1925-11-29,Argentina,Paraguay,Argentina,Martin Sánchez,72.0,False,False
1983-08-21,Bolivia,Peru,Bolivia,Erwin Romero,65.0,False,False
2019-03-23,Liechtenstein,Greece,Greece,Kostas Fortounis,45.0,False,False
2001-07-16,Uruguay,Costa Rica,Uruguay,Carlos María Morales,53.0,False,False
2001-07-14,Chile,Venezuela,Chile,Cristian Montecinos,78.0,False,False
1985-04-28,Macau,Hong Kong,Hong Kong,Lau Wing Yip,80.0,False,False
2007-10-13,Italy,Georgia,Italy,Andrea Pirlo,44.0,False,False
2004-06-20,Egypt,Ivory Coast,Ivory Coast,Didier Drogba,75.0,False,False
1969-08-24,Brazil,Venezuela,Brazil,Pelé,69.0,False,False
2005-03-26,Senegal,Liberia,Senegal,El Hadji Diouf,45.0,False,True
2013-01-26,Ivory Coast,Tunisia,Ivory Coast,Didier Ya Konan,90.0,False,False
1970-02-07,DR Congo,Ghana,Ghana,Kwasi Owusu,29.0,False,False
2004-09-08,Armenia,Finland,Finland,Alexei Eremenko,67.0,False,False
2004-06-09,Japan,India,Japan,Shunsuke Nakamura,29.0,False,False
1983-04-16,Czechoslovakia,Cyprus,Czechoslovakia,Václav Daněk,70.0,False,False
2005-03-27,Ivory Coast,Benin,Ivory Coast,Didier Drogba,19.0,False,False
1978-09-20,Austria,Scotland,Austria,Walter Schachner,47.0,False,False
2007-10-21,Sri Lanka,Qatar,Qatar,Sebastián Soria,68.0,False,False
1973-09-12,Norway,Netherlands,Norway,Harry Hestad,77.0,False,False
1983-04-16,Czechoslovakia,Cyprus,Czechoslovakia,Ladislav Vízek,48.0,False,False
1949-06-02,Sweden,Republic of Ireland,Sweden,Sune Andersson,17.0,False,True
1976-02-28,Germany,Malta,Germany,Bernd Hölzenbein,87.0,False,False
2005-10-12,Italy,Moldova,Italy,Alberto Gilardino,85.0,False,False
1989-03-08,Bangladesh,Thailand,Bangladesh,Sabbir,28.0,False,False
1962-05-31,Russia,Yugoslavia,Russia,Viktor Ponedelnik,83.0,False,False
1960-10-16,Taiwan,Vietnam Republic,Taiwan,Luk Man Wai,51.0,False,False
1979-08-22,Colombia,Venezuela,Colombia,"Alex ""Didí"" Valverde",53.0,False,False
2006-10-11,Slovakia,Germany,Germany,Michael Ballack,25.0,False,False
2007-09-08,England,Israel,England,Shaun Wright-Phillips,20.0,False,False
1965-03-17,Wales,Greece,Wales,Ivor Allchurch,74.0,False,False
1980-02-26,New Caledonia,Vanuatu,New Caledonia,,,False,False
1996-06-09,Denmark,Portugal,Denmark,Brian Laudrup,22.0,False,False
2021-06-04,Brazil,Ecuador,Brazil,Richarlison,65.0,False,False
2003-06-22,France,New Zealand,France,Djibril Cissé,71.0,False,False
2015-03-27,Slovenia,San Marino,Slovenia,Andraž Struna,50.0,False,False
1959-10-18,Czechoslovakia,Denmark,Czechoslovakia,Titus Buberník,39.0,False,False
1997-06-04,Kyrgyzstan,Iran,Iran,Karim Bagheri,51.0,False,False
1993-05-01,Malaysia,Kuwait,Kuwait,Ayman Al Husaini,8.0,False,False
1917-09-30,Uruguay,Chile,Uruguay,Carlos Scarone,20.0,False,False
1942-01-18,Uruguay,Ecuador,Uruguay,Schubert Gambetta,13.0,False,False
2006-06-25,England,Ecuador,England,David Beckham,60.0,False,False
1986-06-03,Mexico,Belgium,Belgium,Erwin Vandenbergh,45.0,False,False
2015-10-11,Gibraltar,Scotland,Scotland,Chris Martin,25.0,False,False
2005-10-08,Sudan,Ivory Coast,Ivory Coast,Aruna Dindane,51.0,False,False
1972-05-19,Thailand,Cambodia,Cambodia,Tol Kimchi,49.0,False,False
2001-07-13,Egypt,Namibia,Egypt,Abdul-Hamid Bassiouny,43.0,False,False
1997-04-27,Cameroon,Togo,Cameroon,Bernard Tchoutang,87.0,False,False
2004-09-08,India,Japan,Japan,Tsuneyasu Miyamoto,87.0,False,False
1990-12-19,Spain,Albania,Spain,Emilio Butragueño,57.0,False,False
1942-01-25,Ecuador,Paraguay,Paraguay,Fabio Baudo Franco,5.0,False,False
2007-03-24,Greece,Turkey,Greece,Sotirios Kyrgiakos,6.0,False,False
1996-11-09,Liechtenstein,North Macedonia,North Macedonia,Dejvi Glavevski,8.0,False,False
2012-06-06,Solomon Islands,New Zealand,Solomon Islands,Benjamin Totori,56.0,False,False
